{
  "enc1.conv1__enc1.conv1": 0.9945513606071472,
  "enc1.conv2__enc1.conv2": 0.977409839630127,
  "enc1.conv3__enc1.conv3": 0.9789707064628601,
  "enc1.conv4__enc1.conv4": 0.9912697672843933,
  "fc1__fc1": 0.9311864972114563,
  "average": 0.9746776342391967
}