{
  "checkpoint": "experiments/cifar_final/runs/oneshot_noise0.200_seed3/student.pt",
  "config": "configs/oneshot_cifar100.yaml",
  "teacher_ckpt": "experiments/cifar_final/runs/cifar_teacher_final/teacher.pt",
  "target_sparsity": 0.9672619047619048,
  "pre_prune": {
    "val_acc": 0.6678571428571428,
    "actual_sparsity": 0.0,
    "val_kl": 0.12681209566918286,
    "val_logit_mse": 0.46910174868323584,
    "val_prob_mse": 0.014630899595266039,
    "val_agree": 0.7494318160143766
  },
  "post_prune": {
    "val_acc": 0.455,
    "actual_sparsity": 0.9672619047619048,
    "val_kl": 0.29890368472446094,
    "val_logit_mse": 0.7964475967667319,
    "val_prob_mse": 0.03483755006031557,
    "val_agree": 0.5003787875175476
  }
}