{
  "checkpoint": "experiments/cifar_final/runs/oneshot_noise0.200_seed9/student.pt",
  "config": "configs/oneshot_cifar100.yaml",
  "teacher_ckpt": "experiments/cifar_final/runs/cifar_teacher_final/teacher.pt",
  "target_sparsity": 0.9672619047619048,
  "pre_prune": {
    "val_acc": 0.7292857142857143,
    "actual_sparsity": 0.0,
    "val_kl": 0.060957917096939956,
    "val_logit_mse": 0.5895778320052407,
    "val_prob_mse": 0.006845451129431074,
    "val_agree": 0.8421875021674416
  },
  "post_prune": {
    "val_acc": 0.6371428571428571,
    "actual_sparsity": 0.9672619047619048,
    "val_kl": 0.3030101006681269,
    "val_logit_mse": 0.8477377512238242,
    "val_prob_mse": 0.03534186817705631,
    "val_agree": 0.6600852283564481
  }
}