{
  "enc1.conv1__enc1.conv1": 0.9790515899658203,
  "enc1.conv2__enc1.conv2": 0.9003344178199768,
  "enc1.conv3__enc1.conv3": 0.9910752773284912,
  "enc1.conv4__enc1.conv4": 0.9957543611526489,
  "fc1__fc1": 0.9883022308349609,
  "average": 0.9709035754203796
}