{
  "enc1.conv1__enc1.conv1": 0.9809859395027161,
  "enc1.conv2__enc1.conv2": 0.9352331757545471,
  "enc1.conv3__enc1.conv3": 0.9779969453811646,
  "enc1.conv4__enc1.conv4": 0.9849745035171509,
  "fc1__fc1": 0.9531286358833313,
  "average": 0.966463840007782
}