{
  "enc1.conv1__enc1.conv1": 0.9893831014633179,
  "enc1.conv2__enc1.conv2": 0.905007541179657,
  "enc1.conv3__enc1.conv3": 0.9875096082687378,
  "enc1.conv4__enc1.conv4": 0.9943506717681885,
  "fc1__fc1": 0.9905120134353638,
  "average": 0.973352587223053
}