{
  "teacher": {
    "regime": "teacher",
    "completed": 1,
    "total": 1,
    "mean": 0.9780458860759493,
    "std": 0.0,
    "min": 0.9780458860759493,
    "max": 0.9780458860759493,
    "seeds": [
      [
        42,
        0.9780458860759493
      ]
    ]
  },
  "oneshot": {
    "regime": "oneshot",
    "completed": 10,
    "total": 10,
    "mean": 0.67477,
    "std": 0.21075574511742257,
    "min": 0.5047,
    "max": 0.9648,
    "seeds": [
      [
        0,
        0.5047
      ],
      [
        1,
        0.8421
      ],
      [
        2,
        0.9573
      ],
      [
        3,
        0.9648
      ],
      [
        4,
        0.5047
      ],
      [
        5,
        0.9553
      ],
      [
        6,
        0.5047
      ],
      [
        7,
        0.5047
      ],
      [
        8,
        0.5047
      ],
      [
        9,
        0.5047
      ]
    ]
  },
  "progressive": {
    "regime": "progressive",
    "completed": 10,
    "total": 10,
    "mean": 0.7298899999999999,
    "std": 0.22548732758183995,
    "min": 0.5047,
    "max": 0.971,
    "seeds": [
      [
        0,
        0.9538
      ],
      [
        1,
        0.9251
      ],
      [
        2,
        0.5047
      ],
      [
        3,
        0.9569
      ],
      [
        4,
        0.5047
      ],
      [
        5,
        0.5047
      ],
      [
        6,
        0.9686
      ],
      [
        7,
        0.5047
      ],
      [
        8,
        0.5047
      ],
      [
        9,
        0.971
      ]
    ]
  },
  "scratch": {
    "regime": "scratch",
    "completed": 10,
    "total": 10,
    "mean": 0.7809928797468354,
    "std": 0.21863817292664472,
    "min": 0.4939675632911392,
    "max": 0.9699367088607594,
    "seeds": [
      [
        0,
        0.9450158227848101
      ],
      [
        1,
        0.9586629746835443
      ],
      [
        2,
        0.9575751582278481
      ],
      [
        3,
        0.549248417721519
      ],
      [
        4,
        0.4939675632911392
      ],
      [
        5,
        0.5060324367088608
      ],
      [
        6,
        0.9666732594936709
      ],
      [
        7,
        0.9699367088607594
      ],
      [
        8,
        0.5060324367088608
      ],
      [
        9,
        0.9567840189873418
      ]
    ]
  }
}