{
  "teacher": {
    "val_acc": 0.784185604615645
  },
  "oneshot": {
    "n_seeds": 10,
    "val_acc": {
      "mean": 0.7042142857142857,
      "std": 0.01411848549431068,
      "min": 0.6707142857142857,
      "max": 0.7235714285714285,
      "values": [
        0.7178571428571429,
        0.6707142857142857,
        0.6942857142857143,
        0.7007142857142857,
        0.7057142857142857,
        0.7235714285714285,
        0.7064285714285714,
        0.7021428571428572,
        0.7028571428571428,
        0.7178571428571429
      ]
    }
  },
  "progressive": {
    "n_seeds": 10,
    "val_acc": {
      "mean": 0.6970714285714287,
      "std": 0.007649529797474414,
      "min": 0.6871428571428572,
      "max": 0.7128571428571429,
      "values": [
        0.6871428571428572,
        0.7128571428571429,
        0.6971428571428572,
        0.6985714285714286,
        0.6921428571428572,
        0.6928571428571428,
        0.6921428571428572,
        0.6957142857142857,
        0.6928571428571428,
        0.7092857142857143
      ]
    }
  },
  "scratch": {
    "n_seeds": 10,
    "val_acc": {
      "mean": 0.7416619317098099,
      "std": 0.00821207386876546,
      "min": 0.7250473499298096,
      "max": 0.7500473477623679,
      "values": [
        0.7500473477623679,
        0.7479166659441862,
        0.7479640137065541,
        0.737405305558985,
        0.7250473499298096,
        0.7408143932169134,
        0.7287878773429177,
        0.7471590909090909,
        0.7464962113987316,
        0.7449810613285411
      ]
    }
  }
}