epoch,train_loss,train_acc,val_loss,val_acc
1,0.6334253959357738,0.6466796875,0.5492291992360895,0.6970170465382662
