{
  "enc1.conv1__enc1.conv1": 0.9889032244682312,
  "enc1.conv2__enc1.conv2": 0.9741106033325195,
  "enc1.conv3__enc1.conv3": 0.9701413512229919,
  "enc1.conv4__enc1.conv4": 0.9609615802764893,
  "fc1__fc1": 0.9081254005432129,
  "average": 0.960448431968689
}