{
  "enc1.conv1__enc1.conv1": 0.9756024479866028,
  "enc1.conv2__enc1.conv2": 0.92572420835495,
  "enc1.conv3__enc1.conv3": 0.965342104434967,
  "enc1.conv4__enc1.conv4": 0.9874225854873657,
  "fc1__fc1": 0.9845795035362244,
  "average": 0.9677341699600219
}