epoch,train_loss,train_acc,val_loss,val_acc
1,0.6933149840277649,0.5007773631417167,0.6930910688412341,0.5060324367088608
