capacity,progressive,oneshot,scratch,prog_vs_one,prog_vs_scr
10,78.28571428571428,77.5,76.19791681116278,0.7857142857142776,2.0877974745514933
