{
  "oneshot": {
    "n": 10,
    "metrics": {
      "val_acc": {
        "mean": 0.7042142857142857,
        "std": 0.01411848549431068,
        "min": 0.6707142857142857,
        "max": 0.7235714285714285
      },
      "val_kl": {
        "mean": 0.01160709582777186,
        "std": 0.005285190313152809,
        "min": 0.00765742344612425,
        "max": 0.026332921094515106
      },
      "val_logit_mse": {
        "mean": 0.5919509190727363,
        "std": 0.6011222386666142,
        "min": 0.09562440284273842,
        "max": 2.302166700363159
      },
      "val_prob_mse": {
        "mean": 0.0013122511863581496,
        "std": 0.000621355810542477,
        "min": 0.0008494283114983277,
        "max": 0.003055689242583784
      },
      "val_agree": {
        "mean": 0.9320170451294294,
        "std": 0.010515047962062523,
        "min": 0.9064393964680758,
        "max": 0.9487215930765326
      }
    }
  },
  "progressive": {
    "n": 10,
    "metrics": {
      "val_acc": {
        "mean": 0.6970714285714287,
        "std": 0.007649529797474414,
        "min": 0.6871428571428572,
        "max": 0.7128571428571429
      },
      "val_kl": {
        "mean": 0.011523496613583782,
        "std": 0.0031893225508216154,
        "min": 0.007775809615850449,
        "max": 0.01709269495172934
      },
      "val_logit_mse": {
        "mean": 0.5582297587936577,
        "std": 0.5975555801097311,
        "min": 0.12367630885405974,
        "max": 2.2229237014597114
      },
      "val_prob_mse": {
        "mean": 0.0012855997827666047,
        "std": 0.00035948946500659725,
        "min": 0.000862967953170565,
        "max": 0.001908356884748421
      },
      "val_agree": {
        "mean": 0.9262500004334884,
        "std": 0.008870992783908906,
        "min": 0.9129734852097251,
        "max": 0.9422348466786471
      }
    }
  },
  "scratch": {
    "n": 10,
    "metrics": {
      "val_acc": {
        "mean": 0.7416619317098099,
        "std": 0.00821207386876546,
        "min": 0.7250473499298096,
        "max": 0.7500473477623679
      }
    }
  }
}