{
  "enc1.conv1__enc1.conv1": 0.9837227463722229,
  "enc1.conv2__enc1.conv2": 0.9253040552139282,
  "enc1.conv3__enc1.conv3": 0.9571906328201294,
  "enc1.conv4__enc1.conv4": 0.9878188371658325,
  "fc1__fc1": 0.9835044145584106,
  "average": 0.9675081372261047
}