{
  "enc1.conv1__enc1.conv1": 0.9824569821357727,
  "enc1.conv2__enc1.conv2": 0.8816261887550354,
  "enc1.conv3__enc1.conv3": 0.9849961400032043,
  "enc1.conv4__enc1.conv4": 0.9802502393722534,
  "fc1__fc1": 0.945094645023346,
  "average": 0.9548848390579223
}