{
  "enc1.conv1__enc1.conv1": 0.9969080090522766,
  "enc1.conv2__enc1.conv2": 0.9799484014511108,
  "enc1.conv3__enc1.conv3": 0.9831852316856384,
  "enc1.conv4__enc1.conv4": 0.9850391745567322,
  "fc1__fc1": 0.9863214492797852,
  "average": 0.9862804532051086
}